ua,method,path,status,final_status,final_url,location,content_type,content_length,response_ms,html_bytes,text_chars,body_sha256,contains_company,contains_phone,has_noindex,canonical,x_robots_tag,server,cache_status,error
browser,GET,/,200,200,https://huixiangqimao.cn/,,text/html,39608,159,39608,3489,950cbc74a8cbd88af97428270171a164101ab1cccd7192de4138bda15b241bcc,true,true,false,https://huixiangqimao.cn/,,nginx/1.26.3,,
browser,GET,/about/,200,200,https://huixiangqimao.cn/about/,,text/html,27300,68,27300,2672,e9f6617e9f753c672a7380ad0543c2229b8e1e16cdd3be960a87ccea0e68ce5f,true,true,false,https://huixiangqimao.cn/about/,,nginx/1.26.3,,
browser,GET,/baidu-crawl-audit-after-fix-missing-20260723/,404,404,https://huixiangqimao.cn/baidu-crawl-audit-after-fix-missing-20260723/,,text/html,17091,22,17091,840,b31db2e4cef79dfac2819b16967ee3aa36f891c23d57349dc366497b40a472d6,true,true,true,https://huixiangqimao.cn/404/,,nginx/1.26.3,,
browser,GET,/ByteDanceVerify.html,200,200,https://huixiangqimao.cn/ByteDanceVerify.html,,text/html,20,28,20,20,8ceae5490037d9a9f7396303a4acedc932e4ce645975588fa29b5751608a8d03,false,false,false,,,nginx/1.26.3,,
browser,GET,/contact/,200,200,https://huixiangqimao.cn/contact/,,text/html,22743,23,22743,1929,defd29f49a746e755396f2104a6a8622ccb03eed4c6be121b05d31f1ca644740,true,true,false,https://huixiangqimao.cn/contact/,,nginx/1.26.3,,
browser,GET,/news/,200,200,https://huixiangqimao.cn/news/,,text/html,31277,19,31277,2447,b79efa3821c5d4a555986fc3dbac169504433c9120de2dccb39addfb4ac6f101,true,true,false,https://huixiangqimao.cn/news/,,nginx/1.26.3,,
browser,GET,/news/baidu-crawl-audit-after-fix-missing-20260723/,404,404,https://huixiangqimao.cn/news/baidu-crawl-audit-after-fix-missing-20260723/,,text/html,17091,38,17091,840,b31db2e4cef79dfac2819b16967ee3aa36f891c23d57349dc366497b40a472d6,true,true,true,https://huixiangqimao.cn/404/,,nginx/1.26.3,,
browser,GET,/news/huzhou-truck-after-sales-service/,200,200,https://huixiangqimao.cn/news/huzhou-truck-after-sales-service/,,text/html,37345,39,37345,4849,32a5fb77ea480404d91f412dbbf46fc4a88d8fb5355284d25a7fd93c8ac99100,true,true,false,https://huixiangqimao.cn/news/huzhou-truck-after-sales-service/,,nginx/1.26.3,,
browser,GET,/robots.txt,200,200,https://huixiangqimao.cn/robots.txt,,text/plain,175,35,175,0,928d5eed5a784b792f1ee20b025eae35c1a24fb91a26bfa35e4a7e19ad592f5f,false,false,false,,,nginx/1.26.3,,
browser,GET,/services/,200,200,https://huixiangqimao.cn/services/,,text/html,31875,33,31875,2753,1b1076e5e1aeef79a80b56cfc4ae65b949344b1d25a9fbbce04892b33d6b9c55,true,true,false,https://huixiangqimao.cn/services/,,nginx/1.26.3,,
browser,GET,/sitemap.xml,200,200,https://huixiangqimao.cn/sitemap.xml,,text/xml,3551,20,3551,0,c614556b18340a1782efe88a16d6437940b5ce62378cfc68f07625d4cec4acf8,false,false,false,,,nginx/1.26.3,,
browser,GET,/trucks/,200,200,https://huixiangqimao.cn/trucks/,,text/html,70349,36,70349,7414,53d0d3251f8a7a0b848bb424643fa8bde8185bc00b81955feece1b687dc98d95,true,true,false,https://huixiangqimao.cn/trucks/,,nginx/1.26.3,,
browser,GET,/vehicles/,404,404,https://huixiangqimao.cn/vehicles/,,text/html,17091,23,17091,840,b31db2e4cef79dfac2819b16967ee3aa36f891c23d57349dc366497b40a472d6,true,true,true,https://huixiangqimao.cn/404/,,nginx/1.26.3,,
baiduspider,GET,/,200,200,https://huixiangqimao.cn/,,text/html,39608,19,39608,3489,950cbc74a8cbd88af97428270171a164101ab1cccd7192de4138bda15b241bcc,true,true,false,https://huixiangqimao.cn/,,nginx/1.26.3,,
baiduspider,GET,/about/,200,200,https://huixiangqimao.cn/about/,,text/html,27300,19,27300,2672,e9f6617e9f753c672a7380ad0543c2229b8e1e16cdd3be960a87ccea0e68ce5f,true,true,false,https://huixiangqimao.cn/about/,,nginx/1.26.3,,
baiduspider,GET,/baidu-crawl-audit-after-fix-missing-20260723/,404,404,https://huixiangqimao.cn/baidu-crawl-audit-after-fix-missing-20260723/,,text/html,17091,319,17091,840,b31db2e4cef79dfac2819b16967ee3aa36f891c23d57349dc366497b40a472d6,true,true,true,https://huixiangqimao.cn/404/,,nginx/1.26.3,,
baiduspider,GET,/ByteDanceVerify.html,200,200,https://huixiangqimao.cn/ByteDanceVerify.html,,text/html,20,31,20,20,8ceae5490037d9a9f7396303a4acedc932e4ce645975588fa29b5751608a8d03,false,false,false,,,nginx/1.26.3,,
baiduspider,GET,/contact/,200,200,https://huixiangqimao.cn/contact/,,text/html,22743,50,22743,1929,defd29f49a746e755396f2104a6a8622ccb03eed4c6be121b05d31f1ca644740,true,true,false,https://huixiangqimao.cn/contact/,,nginx/1.26.3,,
baiduspider,GET,/news/,200,200,https://huixiangqimao.cn/news/,,text/html,31277,36,31277,2447,b79efa3821c5d4a555986fc3dbac169504433c9120de2dccb39addfb4ac6f101,true,true,false,https://huixiangqimao.cn/news/,,nginx/1.26.3,,
baiduspider,GET,/news/baidu-crawl-audit-after-fix-missing-20260723/,404,404,https://huixiangqimao.cn/news/baidu-crawl-audit-after-fix-missing-20260723/,,text/html,17091,16,17091,840,b31db2e4cef79dfac2819b16967ee3aa36f891c23d57349dc366497b40a472d6,true,true,true,https://huixiangqimao.cn/404/,,nginx/1.26.3,,
baiduspider,GET,/news/huzhou-truck-after-sales-service/,200,200,https://huixiangqimao.cn/news/huzhou-truck-after-sales-service/,,text/html,37345,19,37345,4849,32a5fb77ea480404d91f412dbbf46fc4a88d8fb5355284d25a7fd93c8ac99100,true,true,false,https://huixiangqimao.cn/news/huzhou-truck-after-sales-service/,,nginx/1.26.3,,
baiduspider,GET,/robots.txt,200,200,https://huixiangqimao.cn/robots.txt,,text/plain,175,21,175,0,928d5eed5a784b792f1ee20b025eae35c1a24fb91a26bfa35e4a7e19ad592f5f,false,false,false,,,nginx/1.26.3,,
baiduspider,GET,/services/,200,200,https://huixiangqimao.cn/services/,,text/html,31875,24,31875,2753,1b1076e5e1aeef79a80b56cfc4ae65b949344b1d25a9fbbce04892b33d6b9c55,true,true,false,https://huixiangqimao.cn/services/,,nginx/1.26.3,,
baiduspider,GET,/sitemap.xml,200,200,https://huixiangqimao.cn/sitemap.xml,,text/xml,3551,26,3551,0,c614556b18340a1782efe88a16d6437940b5ce62378cfc68f07625d4cec4acf8,false,false,false,,,nginx/1.26.3,,
baiduspider,GET,/trucks/,200,200,https://huixiangqimao.cn/trucks/,,text/html,70349,182,70349,7414,53d0d3251f8a7a0b848bb424643fa8bde8185bc00b81955feece1b687dc98d95,true,true,false,https://huixiangqimao.cn/trucks/,,nginx/1.26.3,,
baiduspider,GET,/vehicles/,404,404,https://huixiangqimao.cn/vehicles/,,text/html,17091,32,17091,840,b31db2e4cef79dfac2819b16967ee3aa36f891c23d57349dc366497b40a472d6,true,true,true,https://huixiangqimao.cn/404/,,nginx/1.26.3,,
baiduspider-render,GET,/,200,200,https://huixiangqimao.cn/,,text/html,39608,133,39608,3489,950cbc74a8cbd88af97428270171a164101ab1cccd7192de4138bda15b241bcc,true,true,false,https://huixiangqimao.cn/,,nginx/1.26.3,,
baiduspider-render,GET,/about/,200,200,https://huixiangqimao.cn/about/,,text/html,27300,124,27300,2672,e9f6617e9f753c672a7380ad0543c2229b8e1e16cdd3be960a87ccea0e68ce5f,true,true,false,https://huixiangqimao.cn/about/,,nginx/1.26.3,,
baiduspider-render,GET,/baidu-crawl-audit-after-fix-missing-20260723/,404,404,https://huixiangqimao.cn/baidu-crawl-audit-after-fix-missing-20260723/,,text/html,17091,22,17091,840,b31db2e4cef79dfac2819b16967ee3aa36f891c23d57349dc366497b40a472d6,true,true,true,https://huixiangqimao.cn/404/,,nginx/1.26.3,,
baiduspider-render,GET,/ByteDanceVerify.html,200,200,https://huixiangqimao.cn/ByteDanceVerify.html,,text/html,20,27,20,20,8ceae5490037d9a9f7396303a4acedc932e4ce645975588fa29b5751608a8d03,false,false,false,,,nginx/1.26.3,,
baiduspider-render,GET,/contact/,200,200,https://huixiangqimao.cn/contact/,,text/html,22743,32,22743,1929,defd29f49a746e755396f2104a6a8622ccb03eed4c6be121b05d31f1ca644740,true,true,false,https://huixiangqimao.cn/contact/,,nginx/1.26.3,,
baiduspider-render,GET,/news/,200,200,https://huixiangqimao.cn/news/,,text/html,31277,123,31277,2447,b79efa3821c5d4a555986fc3dbac169504433c9120de2dccb39addfb4ac6f101,true,true,false,https://huixiangqimao.cn/news/,,nginx/1.26.3,,
baiduspider-render,GET,/news/baidu-crawl-audit-after-fix-missing-20260723/,404,404,https://huixiangqimao.cn/news/baidu-crawl-audit-after-fix-missing-20260723/,,text/html,17091,20,17091,840,b31db2e4cef79dfac2819b16967ee3aa36f891c23d57349dc366497b40a472d6,true,true,true,https://huixiangqimao.cn/404/,,nginx/1.26.3,,
baiduspider-render,GET,/news/huzhou-truck-after-sales-service/,200,200,https://huixiangqimao.cn/news/huzhou-truck-after-sales-service/,,text/html,37345,146,37345,4849,32a5fb77ea480404d91f412dbbf46fc4a88d8fb5355284d25a7fd93c8ac99100,true,true,false,https://huixiangqimao.cn/news/huzhou-truck-after-sales-service/,,nginx/1.26.3,,
baiduspider-render,GET,/robots.txt,200,200,https://huixiangqimao.cn/robots.txt,,text/plain,175,27,175,0,928d5eed5a784b792f1ee20b025eae35c1a24fb91a26bfa35e4a7e19ad592f5f,false,false,false,,,nginx/1.26.3,,
baiduspider-render,GET,/services/,200,200,https://huixiangqimao.cn/services/,,text/html,31875,143,31875,2753,1b1076e5e1aeef79a80b56cfc4ae65b949344b1d25a9fbbce04892b33d6b9c55,true,true,false,https://huixiangqimao.cn/services/,,nginx/1.26.3,,
baiduspider-render,GET,/sitemap.xml,200,200,https://huixiangqimao.cn/sitemap.xml,,text/xml,3551,24,3551,0,c614556b18340a1782efe88a16d6437940b5ce62378cfc68f07625d4cec4acf8,false,false,false,,,nginx/1.26.3,,
baiduspider-render,GET,/trucks/,200,200,https://huixiangqimao.cn/trucks/,,text/html,70349,359,70349,7414,53d0d3251f8a7a0b848bb424643fa8bde8185bc00b81955feece1b687dc98d95,true,true,false,https://huixiangqimao.cn/trucks/,,nginx/1.26.3,,
baiduspider-render,GET,/vehicles/,404,404,https://huixiangqimao.cn/vehicles/,,text/html,17091,36,17091,840,b31db2e4cef79dfac2819b16967ee3aa36f891c23d57349dc366497b40a472d6,true,true,true,https://huixiangqimao.cn/404/,,nginx/1.26.3,,
baidu-mobile,GET,/,200,200,https://huixiangqimao.cn/,,text/html,39608,176,39608,3489,950cbc74a8cbd88af97428270171a164101ab1cccd7192de4138bda15b241bcc,true,true,false,https://huixiangqimao.cn/,,nginx/1.26.3,,
baidu-mobile,GET,/about/,200,200,https://huixiangqimao.cn/about/,,text/html,27300,25,27300,2672,e9f6617e9f753c672a7380ad0543c2229b8e1e16cdd3be960a87ccea0e68ce5f,true,true,false,https://huixiangqimao.cn/about/,,nginx/1.26.3,,
baidu-mobile,GET,/baidu-crawl-audit-after-fix-missing-20260723/,404,404,https://huixiangqimao.cn/baidu-crawl-audit-after-fix-missing-20260723/,,text/html,17091,45,17091,840,b31db2e4cef79dfac2819b16967ee3aa36f891c23d57349dc366497b40a472d6,true,true,true,https://huixiangqimao.cn/404/,,nginx/1.26.3,,
baidu-mobile,GET,/ByteDanceVerify.html,200,200,https://huixiangqimao.cn/ByteDanceVerify.html,,text/html,20,36,20,20,8ceae5490037d9a9f7396303a4acedc932e4ce645975588fa29b5751608a8d03,false,false,false,,,nginx/1.26.3,,
baidu-mobile,GET,/contact/,200,200,https://huixiangqimao.cn/contact/,,text/html,22743,71,22743,1929,defd29f49a746e755396f2104a6a8622ccb03eed4c6be121b05d31f1ca644740,true,true,false,https://huixiangqimao.cn/contact/,,nginx/1.26.3,,
baidu-mobile,GET,/news/,200,200,https://huixiangqimao.cn/news/,,text/html,31277,20,31277,2447,b79efa3821c5d4a555986fc3dbac169504433c9120de2dccb39addfb4ac6f101,true,true,false,https://huixiangqimao.cn/news/,,nginx/1.26.3,,
baidu-mobile,GET,/news/baidu-crawl-audit-after-fix-missing-20260723/,404,404,https://huixiangqimao.cn/news/baidu-crawl-audit-after-fix-missing-20260723/,,text/html,17091,32,17091,840,b31db2e4cef79dfac2819b16967ee3aa36f891c23d57349dc366497b40a472d6,true,true,true,https://huixiangqimao.cn/404/,,nginx/1.26.3,,
baidu-mobile,GET,/news/huzhou-truck-after-sales-service/,200,200,https://huixiangqimao.cn/news/huzhou-truck-after-sales-service/,,text/html,37345,37,37345,4849,32a5fb77ea480404d91f412dbbf46fc4a88d8fb5355284d25a7fd93c8ac99100,true,true,false,https://huixiangqimao.cn/news/huzhou-truck-after-sales-service/,,nginx/1.26.3,,
baidu-mobile,GET,/robots.txt,200,200,https://huixiangqimao.cn/robots.txt,,text/plain,175,30,175,0,928d5eed5a784b792f1ee20b025eae35c1a24fb91a26bfa35e4a7e19ad592f5f,false,false,false,,,nginx/1.26.3,,
baidu-mobile,GET,/services/,200,200,https://huixiangqimao.cn/services/,,text/html,31875,31,31875,2753,1b1076e5e1aeef79a80b56cfc4ae65b949344b1d25a9fbbce04892b33d6b9c55,true,true,false,https://huixiangqimao.cn/services/,,nginx/1.26.3,,
baidu-mobile,GET,/sitemap.xml,200,200,https://huixiangqimao.cn/sitemap.xml,,text/xml,3551,31,3551,0,c614556b18340a1782efe88a16d6437940b5ce62378cfc68f07625d4cec4acf8,false,false,false,,,nginx/1.26.3,,
baidu-mobile,GET,/trucks/,200,200,https://huixiangqimao.cn/trucks/,,text/html,70349,123,70349,7414,53d0d3251f8a7a0b848bb424643fa8bde8185bc00b81955feece1b687dc98d95,true,true,false,https://huixiangqimao.cn/trucks/,,nginx/1.26.3,,
baidu-mobile,GET,/vehicles/,404,404,https://huixiangqimao.cn/vehicles/,,text/html,17091,121,17091,840,b31db2e4cef79dfac2819b16967ee3aa36f891c23d57349dc366497b40a472d6,true,true,true,https://huixiangqimao.cn/404/,,nginx/1.26.3,,
bingbot,GET,/,200,200,https://huixiangqimao.cn/,,text/html,39608,52,39608,3489,950cbc74a8cbd88af97428270171a164101ab1cccd7192de4138bda15b241bcc,true,true,false,https://huixiangqimao.cn/,,nginx/1.26.3,,
bingbot,GET,/about/,200,200,https://huixiangqimao.cn/about/,,text/html,27300,78,27300,2672,e9f6617e9f753c672a7380ad0543c2229b8e1e16cdd3be960a87ccea0e68ce5f,true,true,false,https://huixiangqimao.cn/about/,,nginx/1.26.3,,
bingbot,GET,/baidu-crawl-audit-after-fix-missing-20260723/,404,404,https://huixiangqimao.cn/baidu-crawl-audit-after-fix-missing-20260723/,,text/html,17091,313,17091,840,b31db2e4cef79dfac2819b16967ee3aa36f891c23d57349dc366497b40a472d6,true,true,true,https://huixiangqimao.cn/404/,,nginx/1.26.3,,
bingbot,GET,/ByteDanceVerify.html,200,200,https://huixiangqimao.cn/ByteDanceVerify.html,,text/html,20,34,20,20,8ceae5490037d9a9f7396303a4acedc932e4ce645975588fa29b5751608a8d03,false,false,false,,,nginx/1.26.3,,
bingbot,GET,/contact/,200,200,https://huixiangqimao.cn/contact/,,text/html,22743,50,22743,1929,defd29f49a746e755396f2104a6a8622ccb03eed4c6be121b05d31f1ca644740,true,true,false,https://huixiangqimao.cn/contact/,,nginx/1.26.3,,
bingbot,GET,/news/,200,200,https://huixiangqimao.cn/news/,,text/html,31277,61,31277,2447,b79efa3821c5d4a555986fc3dbac169504433c9120de2dccb39addfb4ac6f101,true,true,false,https://huixiangqimao.cn/news/,,nginx/1.26.3,,
bingbot,GET,/news/baidu-crawl-audit-after-fix-missing-20260723/,404,404,https://huixiangqimao.cn/news/baidu-crawl-audit-after-fix-missing-20260723/,,text/html,17091,18,17091,840,b31db2e4cef79dfac2819b16967ee3aa36f891c23d57349dc366497b40a472d6,true,true,true,https://huixiangqimao.cn/404/,,nginx/1.26.3,,
bingbot,GET,/news/huzhou-truck-after-sales-service/,200,200,https://huixiangqimao.cn/news/huzhou-truck-after-sales-service/,,text/html,37345,327,37345,4849,32a5fb77ea480404d91f412dbbf46fc4a88d8fb5355284d25a7fd93c8ac99100,true,true,false,https://huixiangqimao.cn/news/huzhou-truck-after-sales-service/,,nginx/1.26.3,,
bingbot,GET,/robots.txt,200,200,https://huixiangqimao.cn/robots.txt,,text/plain,175,34,175,0,928d5eed5a784b792f1ee20b025eae35c1a24fb91a26bfa35e4a7e19ad592f5f,false,false,false,,,nginx/1.26.3,,
bingbot,GET,/services/,200,200,https://huixiangqimao.cn/services/,,text/html,31875,72,31875,2753,1b1076e5e1aeef79a80b56cfc4ae65b949344b1d25a9fbbce04892b33d6b9c55,true,true,false,https://huixiangqimao.cn/services/,,nginx/1.26.3,,
bingbot,GET,/sitemap.xml,200,200,https://huixiangqimao.cn/sitemap.xml,,text/xml,3551,35,3551,0,c614556b18340a1782efe88a16d6437940b5ce62378cfc68f07625d4cec4acf8,false,false,false,,,nginx/1.26.3,,
bingbot,GET,/trucks/,200,200,https://huixiangqimao.cn/trucks/,,text/html,70349,119,70349,7414,53d0d3251f8a7a0b848bb424643fa8bde8185bc00b81955feece1b687dc98d95,true,true,false,https://huixiangqimao.cn/trucks/,,nginx/1.26.3,,
bingbot,GET,/vehicles/,404,404,https://huixiangqimao.cn/vehicles/,,text/html,17091,42,17091,840,b31db2e4cef79dfac2819b16967ee3aa36f891c23d57349dc366497b40a472d6,true,true,true,https://huixiangqimao.cn/404/,,nginx/1.26.3,,
googlebot,GET,/,200,200,https://huixiangqimao.cn/,,text/html,39608,69,39608,3489,950cbc74a8cbd88af97428270171a164101ab1cccd7192de4138bda15b241bcc,true,true,false,https://huixiangqimao.cn/,,nginx/1.26.3,,
googlebot,GET,/about/,200,200,https://huixiangqimao.cn/about/,,text/html,27300,28,27300,2672,e9f6617e9f753c672a7380ad0543c2229b8e1e16cdd3be960a87ccea0e68ce5f,true,true,false,https://huixiangqimao.cn/about/,,nginx/1.26.3,,
googlebot,GET,/baidu-crawl-audit-after-fix-missing-20260723/,404,404,https://huixiangqimao.cn/baidu-crawl-audit-after-fix-missing-20260723/,,text/html,17091,18,17091,840,b31db2e4cef79dfac2819b16967ee3aa36f891c23d57349dc366497b40a472d6,true,true,true,https://huixiangqimao.cn/404/,,nginx/1.26.3,,
googlebot,GET,/ByteDanceVerify.html,200,200,https://huixiangqimao.cn/ByteDanceVerify.html,,text/html,20,23,20,20,8ceae5490037d9a9f7396303a4acedc932e4ce645975588fa29b5751608a8d03,false,false,false,,,nginx/1.26.3,,
googlebot,GET,/contact/,200,200,https://huixiangqimao.cn/contact/,,text/html,22743,30,22743,1929,defd29f49a746e755396f2104a6a8622ccb03eed4c6be121b05d31f1ca644740,true,true,false,https://huixiangqimao.cn/contact/,,nginx/1.26.3,,
googlebot,GET,/news/,200,200,https://huixiangqimao.cn/news/,,text/html,31277,49,31277,2447,b79efa3821c5d4a555986fc3dbac169504433c9120de2dccb39addfb4ac6f101,true,true,false,https://huixiangqimao.cn/news/,,nginx/1.26.3,,
googlebot,GET,/news/baidu-crawl-audit-after-fix-missing-20260723/,404,404,https://huixiangqimao.cn/news/baidu-crawl-audit-after-fix-missing-20260723/,,text/html,17091,22,17091,840,b31db2e4cef79dfac2819b16967ee3aa36f891c23d57349dc366497b40a472d6,true,true,true,https://huixiangqimao.cn/404/,,nginx/1.26.3,,
googlebot,GET,/news/huzhou-truck-after-sales-service/,200,200,https://huixiangqimao.cn/news/huzhou-truck-after-sales-service/,,text/html,37345,39,37345,4849,32a5fb77ea480404d91f412dbbf46fc4a88d8fb5355284d25a7fd93c8ac99100,true,true,false,https://huixiangqimao.cn/news/huzhou-truck-after-sales-service/,,nginx/1.26.3,,
googlebot,GET,/robots.txt,200,200,https://huixiangqimao.cn/robots.txt,,text/plain,175,31,175,0,928d5eed5a784b792f1ee20b025eae35c1a24fb91a26bfa35e4a7e19ad592f5f,false,false,false,,,nginx/1.26.3,,
googlebot,GET,/services/,200,200,https://huixiangqimao.cn/services/,,text/html,31875,45,31875,2753,1b1076e5e1aeef79a80b56cfc4ae65b949344b1d25a9fbbce04892b33d6b9c55,true,true,false,https://huixiangqimao.cn/services/,,nginx/1.26.3,,
googlebot,GET,/sitemap.xml,200,200,https://huixiangqimao.cn/sitemap.xml,,text/xml,3551,16,3551,0,c614556b18340a1782efe88a16d6437940b5ce62378cfc68f07625d4cec4acf8,false,false,false,,,nginx/1.26.3,,
googlebot,GET,/trucks/,200,200,https://huixiangqimao.cn/trucks/,,text/html,70349,381,70349,7414,53d0d3251f8a7a0b848bb424643fa8bde8185bc00b81955feece1b687dc98d95,true,true,false,https://huixiangqimao.cn/trucks/,,nginx/1.26.3,,
googlebot,GET,/vehicles/,404,404,https://huixiangqimao.cn/vehicles/,,text/html,17091,42,17091,840,b31db2e4cef79dfac2819b16967ee3aa36f891c23d57349dc366497b40a472d6,true,true,true,https://huixiangqimao.cn/404/,,nginx/1.26.3,,
toutiaospider,GET,/,200,200,https://huixiangqimao.cn/,,text/html,39608,41,39608,3489,950cbc74a8cbd88af97428270171a164101ab1cccd7192de4138bda15b241bcc,true,true,false,https://huixiangqimao.cn/,,nginx/1.26.3,,
toutiaospider,GET,/about/,200,200,https://huixiangqimao.cn/about/,,text/html,27300,50,27300,2672,e9f6617e9f753c672a7380ad0543c2229b8e1e16cdd3be960a87ccea0e68ce5f,true,true,false,https://huixiangqimao.cn/about/,,nginx/1.26.3,,
toutiaospider,GET,/baidu-crawl-audit-after-fix-missing-20260723/,404,404,https://huixiangqimao.cn/baidu-crawl-audit-after-fix-missing-20260723/,,text/html,17091,22,17091,840,b31db2e4cef79dfac2819b16967ee3aa36f891c23d57349dc366497b40a472d6,true,true,true,https://huixiangqimao.cn/404/,,nginx/1.26.3,,
toutiaospider,GET,/ByteDanceVerify.html,200,200,https://huixiangqimao.cn/ByteDanceVerify.html,,text/html,20,18,20,20,8ceae5490037d9a9f7396303a4acedc932e4ce645975588fa29b5751608a8d03,false,false,false,,,nginx/1.26.3,,
toutiaospider,GET,/contact/,200,200,https://huixiangqimao.cn/contact/,,text/html,22743,24,22743,1929,defd29f49a746e755396f2104a6a8622ccb03eed4c6be121b05d31f1ca644740,true,true,false,https://huixiangqimao.cn/contact/,,nginx/1.26.3,,
toutiaospider,GET,/news/,200,200,https://huixiangqimao.cn/news/,,text/html,31277,338,31277,2447,b79efa3821c5d4a555986fc3dbac169504433c9120de2dccb39addfb4ac6f101,true,true,false,https://huixiangqimao.cn/news/,,nginx/1.26.3,,
toutiaospider,GET,/news/baidu-crawl-audit-after-fix-missing-20260723/,404,404,https://huixiangqimao.cn/news/baidu-crawl-audit-after-fix-missing-20260723/,,text/html,17091,43,17091,840,b31db2e4cef79dfac2819b16967ee3aa36f891c23d57349dc366497b40a472d6,true,true,true,https://huixiangqimao.cn/404/,,nginx/1.26.3,,
toutiaospider,GET,/news/huzhou-truck-after-sales-service/,200,200,https://huixiangqimao.cn/news/huzhou-truck-after-sales-service/,,text/html,37345,119,37345,4849,32a5fb77ea480404d91f412dbbf46fc4a88d8fb5355284d25a7fd93c8ac99100,true,true,false,https://huixiangqimao.cn/news/huzhou-truck-after-sales-service/,,nginx/1.26.3,,
toutiaospider,GET,/robots.txt,200,200,https://huixiangqimao.cn/robots.txt,,text/plain,175,32,175,0,928d5eed5a784b792f1ee20b025eae35c1a24fb91a26bfa35e4a7e19ad592f5f,false,false,false,,,nginx/1.26.3,,
toutiaospider,GET,/services/,200,200,https://huixiangqimao.cn/services/,,text/html,31875,113,31875,2753,1b1076e5e1aeef79a80b56cfc4ae65b949344b1d25a9fbbce04892b33d6b9c55,true,true,false,https://huixiangqimao.cn/services/,,nginx/1.26.3,,
toutiaospider,GET,/sitemap.xml,200,200,https://huixiangqimao.cn/sitemap.xml,,text/xml,3551,19,3551,0,c614556b18340a1782efe88a16d6437940b5ce62378cfc68f07625d4cec4acf8,false,false,false,,,nginx/1.26.3,,
toutiaospider,GET,/trucks/,200,200,https://huixiangqimao.cn/trucks/,,text/html,70349,437,70349,7414,53d0d3251f8a7a0b848bb424643fa8bde8185bc00b81955feece1b687dc98d95,true,true,false,https://huixiangqimao.cn/trucks/,,nginx/1.26.3,,
toutiaospider,GET,/vehicles/,404,404,https://huixiangqimao.cn/vehicles/,,text/html,17091,46,17091,840,b31db2e4cef79dfac2819b16967ee3aa36f891c23d57349dc366497b40a472d6,true,true,true,https://huixiangqimao.cn/404/,,nginx/1.26.3,,
bytespider,GET,/,200,200,https://huixiangqimao.cn/,,text/html,39608,123,39608,3489,950cbc74a8cbd88af97428270171a164101ab1cccd7192de4138bda15b241bcc,true,true,false,https://huixiangqimao.cn/,,nginx/1.26.3,,
bytespider,GET,/about/,200,200,https://huixiangqimao.cn/about/,,text/html,27300,51,27300,2672,e9f6617e9f753c672a7380ad0543c2229b8e1e16cdd3be960a87ccea0e68ce5f,true,true,false,https://huixiangqimao.cn/about/,,nginx/1.26.3,,
bytespider,GET,/baidu-crawl-audit-after-fix-missing-20260723/,404,404,https://huixiangqimao.cn/baidu-crawl-audit-after-fix-missing-20260723/,,text/html,17091,41,17091,840,b31db2e4cef79dfac2819b16967ee3aa36f891c23d57349dc366497b40a472d6,true,true,true,https://huixiangqimao.cn/404/,,nginx/1.26.3,,
bytespider,GET,/ByteDanceVerify.html,200,200,https://huixiangqimao.cn/ByteDanceVerify.html,,text/html,20,20,20,20,8ceae5490037d9a9f7396303a4acedc932e4ce645975588fa29b5751608a8d03,false,false,false,,,nginx/1.26.3,,
bytespider,GET,/contact/,200,200,https://huixiangqimao.cn/contact/,,text/html,22743,53,22743,1929,defd29f49a746e755396f2104a6a8622ccb03eed4c6be121b05d31f1ca644740,true,true,false,https://huixiangqimao.cn/contact/,,nginx/1.26.3,,
bytespider,GET,/news/,200,200,https://huixiangqimao.cn/news/,,text/html,31277,45,31277,2447,b79efa3821c5d4a555986fc3dbac169504433c9120de2dccb39addfb4ac6f101,true,true,false,https://huixiangqimao.cn/news/,,nginx/1.26.3,,
bytespider,GET,/news/baidu-crawl-audit-after-fix-missing-20260723/,404,404,https://huixiangqimao.cn/news/baidu-crawl-audit-after-fix-missing-20260723/,,text/html,17091,45,17091,840,b31db2e4cef79dfac2819b16967ee3aa36f891c23d57349dc366497b40a472d6,true,true,true,https://huixiangqimao.cn/404/,,nginx/1.26.3,,
bytespider,GET,/news/huzhou-truck-after-sales-service/,200,200,https://huixiangqimao.cn/news/huzhou-truck-after-sales-service/,,text/html,37345,46,37345,4849,32a5fb77ea480404d91f412dbbf46fc4a88d8fb5355284d25a7fd93c8ac99100,true,true,false,https://huixiangqimao.cn/news/huzhou-truck-after-sales-service/,,nginx/1.26.3,,
bytespider,GET,/robots.txt,200,200,https://huixiangqimao.cn/robots.txt,,text/plain,175,28,175,0,928d5eed5a784b792f1ee20b025eae35c1a24fb91a26bfa35e4a7e19ad592f5f,false,false,false,,,nginx/1.26.3,,
bytespider,GET,/services/,200,200,https://huixiangqimao.cn/services/,,text/html,31875,47,31875,2753,1b1076e5e1aeef79a80b56cfc4ae65b949344b1d25a9fbbce04892b33d6b9c55,true,true,false,https://huixiangqimao.cn/services/,,nginx/1.26.3,,
bytespider,GET,/sitemap.xml,200,200,https://huixiangqimao.cn/sitemap.xml,,text/xml,3551,23,3551,0,c614556b18340a1782efe88a16d6437940b5ce62378cfc68f07625d4cec4acf8,false,false,false,,,nginx/1.26.3,,
bytespider,GET,/trucks/,200,200,https://huixiangqimao.cn/trucks/,,text/html,70349,146,70349,7414,53d0d3251f8a7a0b848bb424643fa8bde8185bc00b81955feece1b687dc98d95,true,true,false,https://huixiangqimao.cn/trucks/,,nginx/1.26.3,,
bytespider,GET,/vehicles/,404,404,https://huixiangqimao.cn/vehicles/,,text/html,17091,42,17091,840,b31db2e4cef79dfac2819b16967ee3aa36f891c23d57349dc366497b40a472d6,true,true,true,https://huixiangqimao.cn/404/,,nginx/1.26.3,,
oai-searchbot,GET,/,200,200,https://huixiangqimao.cn/,,text/html,39608,108,39608,3489,950cbc74a8cbd88af97428270171a164101ab1cccd7192de4138bda15b241bcc,true,true,false,https://huixiangqimao.cn/,,nginx/1.26.3,,
oai-searchbot,GET,/about/,200,200,https://huixiangqimao.cn/about/,,text/html,27300,45,27300,2672,e9f6617e9f753c672a7380ad0543c2229b8e1e16cdd3be960a87ccea0e68ce5f,true,true,false,https://huixiangqimao.cn/about/,,nginx/1.26.3,,
oai-searchbot,GET,/baidu-crawl-audit-after-fix-missing-20260723/,404,404,https://huixiangqimao.cn/baidu-crawl-audit-after-fix-missing-20260723/,,text/html,17091,40,17091,840,b31db2e4cef79dfac2819b16967ee3aa36f891c23d57349dc366497b40a472d6,true,true,true,https://huixiangqimao.cn/404/,,nginx/1.26.3,,
oai-searchbot,GET,/ByteDanceVerify.html,200,200,https://huixiangqimao.cn/ByteDanceVerify.html,,text/html,20,27,20,20,8ceae5490037d9a9f7396303a4acedc932e4ce645975588fa29b5751608a8d03,false,false,false,,,nginx/1.26.3,,
oai-searchbot,GET,/contact/,200,200,https://huixiangqimao.cn/contact/,,text/html,22743,492,22743,1929,defd29f49a746e755396f2104a6a8622ccb03eed4c6be121b05d31f1ca644740,true,true,false,https://huixiangqimao.cn/contact/,,nginx/1.26.3,,
oai-searchbot,GET,/news/,200,200,https://huixiangqimao.cn/news/,,text/html,31277,115,31277,2447,b79efa3821c5d4a555986fc3dbac169504433c9120de2dccb39addfb4ac6f101,true,true,false,https://huixiangqimao.cn/news/,,nginx/1.26.3,,
oai-searchbot,GET,/news/baidu-crawl-audit-after-fix-missing-20260723/,404,404,https://huixiangqimao.cn/news/baidu-crawl-audit-after-fix-missing-20260723/,,text/html,17091,52,17091,840,b31db2e4cef79dfac2819b16967ee3aa36f891c23d57349dc366497b40a472d6,true,true,true,https://huixiangqimao.cn/404/,,nginx/1.26.3,,
oai-searchbot,GET,/news/huzhou-truck-after-sales-service/,200,200,https://huixiangqimao.cn/news/huzhou-truck-after-sales-service/,,text/html,37345,153,37345,4849,32a5fb77ea480404d91f412dbbf46fc4a88d8fb5355284d25a7fd93c8ac99100,true,true,false,https://huixiangqimao.cn/news/huzhou-truck-after-sales-service/,,nginx/1.26.3,,
oai-searchbot,GET,/robots.txt,200,200,https://huixiangqimao.cn/robots.txt,,text/plain,175,23,175,0,928d5eed5a784b792f1ee20b025eae35c1a24fb91a26bfa35e4a7e19ad592f5f,false,false,false,,,nginx/1.26.3,,
oai-searchbot,GET,/services/,200,200,https://huixiangqimao.cn/services/,,text/html,31875,125,31875,2753,1b1076e5e1aeef79a80b56cfc4ae65b949344b1d25a9fbbce04892b33d6b9c55,true,true,false,https://huixiangqimao.cn/services/,,nginx/1.26.3,,
oai-searchbot,GET,/sitemap.xml,200,200,https://huixiangqimao.cn/sitemap.xml,,text/xml,3551,35,3551,0,c614556b18340a1782efe88a16d6437940b5ce62378cfc68f07625d4cec4acf8,false,false,false,,,nginx/1.26.3,,
oai-searchbot,GET,/trucks/,200,200,https://huixiangqimao.cn/trucks/,,text/html,70349,123,70349,7414,53d0d3251f8a7a0b848bb424643fa8bde8185bc00b81955feece1b687dc98d95,true,true,false,https://huixiangqimao.cn/trucks/,,nginx/1.26.3,,
oai-searchbot,GET,/vehicles/,404,404,https://huixiangqimao.cn/vehicles/,,text/html,17091,609,17091,840,b31db2e4cef79dfac2819b16967ee3aa36f891c23d57349dc366497b40a472d6,true,true,true,https://huixiangqimao.cn/404/,,nginx/1.26.3,,
curl,GET,/,200,200,https://huixiangqimao.cn/,,text/html,39608,75,39608,3489,950cbc74a8cbd88af97428270171a164101ab1cccd7192de4138bda15b241bcc,true,true,false,https://huixiangqimao.cn/,,nginx/1.26.3,,
curl,GET,/about/,200,200,https://huixiangqimao.cn/about/,,text/html,27300,76,27300,2672,e9f6617e9f753c672a7380ad0543c2229b8e1e16cdd3be960a87ccea0e68ce5f,true,true,false,https://huixiangqimao.cn/about/,,nginx/1.26.3,,
curl,GET,/baidu-crawl-audit-after-fix-missing-20260723/,404,404,https://huixiangqimao.cn/baidu-crawl-audit-after-fix-missing-20260723/,,text/html,17091,59,17091,840,b31db2e4cef79dfac2819b16967ee3aa36f891c23d57349dc366497b40a472d6,true,true,true,https://huixiangqimao.cn/404/,,nginx/1.26.3,,
curl,GET,/ByteDanceVerify.html,200,200,https://huixiangqimao.cn/ByteDanceVerify.html,,text/html,20,36,20,20,8ceae5490037d9a9f7396303a4acedc932e4ce645975588fa29b5751608a8d03,false,false,false,,,nginx/1.26.3,,
curl,GET,/contact/,200,200,https://huixiangqimao.cn/contact/,,text/html,22743,174,22743,1929,defd29f49a746e755396f2104a6a8622ccb03eed4c6be121b05d31f1ca644740,true,true,false,https://huixiangqimao.cn/contact/,,nginx/1.26.3,,
curl,GET,/news/,200,200,https://huixiangqimao.cn/news/,,text/html,31277,395,31277,2447,b79efa3821c5d4a555986fc3dbac169504433c9120de2dccb39addfb4ac6f101,true,true,false,https://huixiangqimao.cn/news/,,nginx/1.26.3,,
curl,GET,/news/baidu-crawl-audit-after-fix-missing-20260723/,404,404,https://huixiangqimao.cn/news/baidu-crawl-audit-after-fix-missing-20260723/,,text/html,17091,58,17091,840,b31db2e4cef79dfac2819b16967ee3aa36f891c23d57349dc366497b40a472d6,true,true,true,https://huixiangqimao.cn/404/,,nginx/1.26.3,,
curl,GET,/news/huzhou-truck-after-sales-service/,200,200,https://huixiangqimao.cn/news/huzhou-truck-after-sales-service/,,text/html,37345,245,37345,4849,32a5fb77ea480404d91f412dbbf46fc4a88d8fb5355284d25a7fd93c8ac99100,true,true,false,https://huixiangqimao.cn/news/huzhou-truck-after-sales-service/,,nginx/1.26.3,,
curl,GET,/robots.txt,200,200,https://huixiangqimao.cn/robots.txt,,text/plain,175,15,175,0,928d5eed5a784b792f1ee20b025eae35c1a24fb91a26bfa35e4a7e19ad592f5f,false,false,false,,,nginx/1.26.3,,
curl,GET,/services/,200,200,https://huixiangqimao.cn/services/,,text/html,31875,123,31875,2753,1b1076e5e1aeef79a80b56cfc4ae65b949344b1d25a9fbbce04892b33d6b9c55,true,true,false,https://huixiangqimao.cn/services/,,nginx/1.26.3,,
curl,GET,/sitemap.xml,200,200,https://huixiangqimao.cn/sitemap.xml,,text/xml,3551,30,3551,0,c614556b18340a1782efe88a16d6437940b5ce62378cfc68f07625d4cec4acf8,false,false,false,,,nginx/1.26.3,,
curl,GET,/trucks/,200,200,https://huixiangqimao.cn/trucks/,,text/html,70349,169,70349,7414,53d0d3251f8a7a0b848bb424643fa8bde8185bc00b81955feece1b687dc98d95,true,true,false,https://huixiangqimao.cn/trucks/,,nginx/1.26.3,,
curl,GET,/vehicles/,404,404,https://huixiangqimao.cn/vehicles/,,text/html,17091,1808,17091,840,b31db2e4cef79dfac2819b16967ee3aa36f891c23d57349dc366497b40a472d6,true,true,true,https://huixiangqimao.cn/404/,,nginx/1.26.3,,
baiduspider,GET,/,200,200,https://huixiangqimao.cn/,,text/html,39608,75,39608,3489,950cbc74a8cbd88af97428270171a164101ab1cccd7192de4138bda15b241bcc,true,true,false,https://huixiangqimao.cn/,,nginx/1.26.3,,
baiduspider,HEAD,/,200,200,https://huixiangqimao.cn/,,text/html,39608,26,0,0,e3b0c44298fc1c149afbf4c8996fb92427ae41e4649b934ca495991b7852b855,false,false,false,,,nginx/1.26.3,,
