"ua","method","path","status","final_status","final_url","location","content_type","content_length","response_ms","html_bytes","text_chars","body_sha256","contains_company","contains_phone","has_noindex","canonical","x_robots_tag","server","cache_status","error"
"baidu-mobile","GET","/","200","200","https://huixiangqimao.cn/","","text/html","39608","1483","39608","3489","950cbc74a8cbd88af97428270171a164101ab1cccd7192de4138bda15b241bcc","true","true","false","https://huixiangqimao.cn/","","nginx/1.26.3","",""
"baiduspider","GET","/","200","200","https://huixiangqimao.cn/","","text/html","39608","36","39608","3489","950cbc74a8cbd88af97428270171a164101ab1cccd7192de4138bda15b241bcc","true","true","false","https://huixiangqimao.cn/","","nginx/1.26.3","",""
"baiduspider","GET","/","200","200","https://huixiangqimao.cn/","","text/html","39608","189","39608","3489","950cbc74a8cbd88af97428270171a164101ab1cccd7192de4138bda15b241bcc","true","true","false","https://huixiangqimao.cn/","","nginx/1.26.3","",""
"baiduspider","HEAD","/","200","200","https://huixiangqimao.cn/","","text/html","39608","33","0","0","","false","false","false","","","nginx/1.26.3","",""
"baiduspider-render","GET","/","200","200","https://huixiangqimao.cn/","","text/html","39608","142","39608","3489","950cbc74a8cbd88af97428270171a164101ab1cccd7192de4138bda15b241bcc","true","true","false","https://huixiangqimao.cn/","","nginx/1.26.3","",""
"bingbot","GET","/","200","200","https://huixiangqimao.cn/","","text/html","39608","1296","39608","3489","950cbc74a8cbd88af97428270171a164101ab1cccd7192de4138bda15b241bcc","true","true","false","https://huixiangqimao.cn/","","nginx/1.26.3","",""
"browser","GET","/","200","200","https://huixiangqimao.cn/","","text/html","39608","163","39608","3489","950cbc74a8cbd88af97428270171a164101ab1cccd7192de4138bda15b241bcc","true","true","false","https://huixiangqimao.cn/","","nginx/1.26.3","",""
"bytespider","GET","/","200","200","https://huixiangqimao.cn/","","text/html","39608","1341","39608","3489","950cbc74a8cbd88af97428270171a164101ab1cccd7192de4138bda15b241bcc","true","true","false","https://huixiangqimao.cn/","","nginx/1.26.3","",""
"curl","GET","/","200","200","https://huixiangqimao.cn/","","text/html","39608","173","39608","3489","950cbc74a8cbd88af97428270171a164101ab1cccd7192de4138bda15b241bcc","true","true","false","https://huixiangqimao.cn/","","nginx/1.26.3","",""
"googlebot","GET","/","200","200","https://huixiangqimao.cn/","","text/html","39608","924","39608","3489","950cbc74a8cbd88af97428270171a164101ab1cccd7192de4138bda15b241bcc","true","true","false","https://huixiangqimao.cn/","","nginx/1.26.3","",""
"oai-searchbot","GET","/","200","200","https://huixiangqimao.cn/","","text/html","39608","859","39608","3489","950cbc74a8cbd88af97428270171a164101ab1cccd7192de4138bda15b241bcc","true","true","false","https://huixiangqimao.cn/","","nginx/1.26.3","",""
"toutiaospider","GET","/","200","200","https://huixiangqimao.cn/","","text/html","39608","257","39608","3489","950cbc74a8cbd88af97428270171a164101ab1cccd7192de4138bda15b241bcc","true","true","false","https://huixiangqimao.cn/","","nginx/1.26.3","",""
"baidu-mobile","GET","/about/","200","200","https://huixiangqimao.cn/about/","","text/html","27300","263","27300","2672","e9f6617e9f753c672a7380ad0543c2229b8e1e16cdd3be960a87ccea0e68ce5f","true","true","false","https://huixiangqimao.cn/about/","","nginx/1.26.3","",""
"baiduspider","GET","/about/","200","200","https://huixiangqimao.cn/about/","","text/html","27300","722","27300","2672","e9f6617e9f753c672a7380ad0543c2229b8e1e16cdd3be960a87ccea0e68ce5f","true","true","false","https://huixiangqimao.cn/about/","","nginx/1.26.3","",""
"baiduspider-render","GET","/about/","200","200","https://huixiangqimao.cn/about/","","text/html","27300","23","27300","2672","e9f6617e9f753c672a7380ad0543c2229b8e1e16cdd3be960a87ccea0e68ce5f","true","true","false","https://huixiangqimao.cn/about/","","nginx/1.26.3","",""
"bingbot","GET","/about/","200","200","https://huixiangqimao.cn/about/","","text/html","27300","430","27300","2672","e9f6617e9f753c672a7380ad0543c2229b8e1e16cdd3be960a87ccea0e68ce5f","true","true","false","https://huixiangqimao.cn/about/","","nginx/1.26.3","",""
"browser","GET","/about/","200","200","https://huixiangqimao.cn/about/","","text/html","27300","72","27300","2672","e9f6617e9f753c672a7380ad0543c2229b8e1e16cdd3be960a87ccea0e68ce5f","true","true","false","https://huixiangqimao.cn/about/","","nginx/1.26.3","",""
"bytespider","GET","/about/","200","200","https://huixiangqimao.cn/about/","","text/html","27300","281","27300","2672","e9f6617e9f753c672a7380ad0543c2229b8e1e16cdd3be960a87ccea0e68ce5f","true","true","false","https://huixiangqimao.cn/about/","","nginx/1.26.3","",""
"curl","GET","/about/","200","200","https://huixiangqimao.cn/about/","","text/html","27300","992","27300","2672","e9f6617e9f753c672a7380ad0543c2229b8e1e16cdd3be960a87ccea0e68ce5f","true","true","false","https://huixiangqimao.cn/about/","","nginx/1.26.3","",""
"googlebot","GET","/about/","200","200","https://huixiangqimao.cn/about/","","text/html","27300","108","27300","2672","e9f6617e9f753c672a7380ad0543c2229b8e1e16cdd3be960a87ccea0e68ce5f","true","true","false","https://huixiangqimao.cn/about/","","nginx/1.26.3","",""
"oai-searchbot","GET","/about/","200","200","https://huixiangqimao.cn/about/","","text/html","27300","128","27300","2672","e9f6617e9f753c672a7380ad0543c2229b8e1e16cdd3be960a87ccea0e68ce5f","true","true","false","https://huixiangqimao.cn/about/","","nginx/1.26.3","",""
"toutiaospider","GET","/about/","200","200","https://huixiangqimao.cn/about/","","text/html","27300","136","27300","2672","e9f6617e9f753c672a7380ad0543c2229b8e1e16cdd3be960a87ccea0e68ce5f","true","true","false","https://huixiangqimao.cn/about/","","nginx/1.26.3","",""
"baidu-mobile","GET","/baidu-crawl-audit-missing-20260722/","200","200","https://huixiangqimao.cn/baidu-crawl-audit-missing-20260722/","","text/html","39608","208","39608","3489","950cbc74a8cbd88af97428270171a164101ab1cccd7192de4138bda15b241bcc","true","true","false","https://huixiangqimao.cn/","","nginx/1.26.3","",""
"baiduspider","GET","/baidu-crawl-audit-missing-20260722/","200","200","https://huixiangqimao.cn/baidu-crawl-audit-missing-20260722/","","text/html","39608","381","39608","3489","950cbc74a8cbd88af97428270171a164101ab1cccd7192de4138bda15b241bcc","true","true","false","https://huixiangqimao.cn/","","nginx/1.26.3","",""
"baiduspider-render","GET","/baidu-crawl-audit-missing-20260722/","200","200","https://huixiangqimao.cn/baidu-crawl-audit-missing-20260722/","","text/html","39608","223","39608","3489","950cbc74a8cbd88af97428270171a164101ab1cccd7192de4138bda15b241bcc","true","true","false","https://huixiangqimao.cn/","","nginx/1.26.3","",""
"bingbot","GET","/baidu-crawl-audit-missing-20260722/","200","200","https://huixiangqimao.cn/baidu-crawl-audit-missing-20260722/","","text/html","39608","167","39608","3489","950cbc74a8cbd88af97428270171a164101ab1cccd7192de4138bda15b241bcc","true","true","false","https://huixiangqimao.cn/","","nginx/1.26.3","",""
"browser","GET","/baidu-crawl-audit-missing-20260722/","200","200","https://huixiangqimao.cn/baidu-crawl-audit-missing-20260722/","","text/html","39608","1196","39608","3489","950cbc74a8cbd88af97428270171a164101ab1cccd7192de4138bda15b241bcc","true","true","false","https://huixiangqimao.cn/","","nginx/1.26.3","",""
"bytespider","GET","/baidu-crawl-audit-missing-20260722/","200","200","https://huixiangqimao.cn/baidu-crawl-audit-missing-20260722/","","text/html","39608","95","39608","3489","950cbc74a8cbd88af97428270171a164101ab1cccd7192de4138bda15b241bcc","true","true","false","https://huixiangqimao.cn/","","nginx/1.26.3","",""
"curl","GET","/baidu-crawl-audit-missing-20260722/","200","200","https://huixiangqimao.cn/baidu-crawl-audit-missing-20260722/","","text/html","39608","97","39608","3489","950cbc74a8cbd88af97428270171a164101ab1cccd7192de4138bda15b241bcc","true","true","false","https://huixiangqimao.cn/","","nginx/1.26.3","",""
"googlebot","GET","/baidu-crawl-audit-missing-20260722/","200","200","https://huixiangqimao.cn/baidu-crawl-audit-missing-20260722/","","text/html","39608","1132","39608","3489","950cbc74a8cbd88af97428270171a164101ab1cccd7192de4138bda15b241bcc","true","true","false","https://huixiangqimao.cn/","","nginx/1.26.3","",""
"oai-searchbot","GET","/baidu-crawl-audit-missing-20260722/","200","200","https://huixiangqimao.cn/baidu-crawl-audit-missing-20260722/","","text/html","39608","166","39608","3489","950cbc74a8cbd88af97428270171a164101ab1cccd7192de4138bda15b241bcc","true","true","false","https://huixiangqimao.cn/","","nginx/1.26.3","",""
"toutiaospider","GET","/baidu-crawl-audit-missing-20260722/","200","200","https://huixiangqimao.cn/baidu-crawl-audit-missing-20260722/","","text/html","39608","293","39608","3489","950cbc74a8cbd88af97428270171a164101ab1cccd7192de4138bda15b241bcc","true","true","false","https://huixiangqimao.cn/","","nginx/1.26.3","",""
"baidu-mobile","GET","/ByteDanceVerify.html","200","200","https://huixiangqimao.cn/ByteDanceVerify.html","","text/html","20","18","20","20","8ceae5490037d9a9f7396303a4acedc932e4ce645975588fa29b5751608a8d03","false","false","false","","","nginx/1.26.3","",""
"baiduspider","GET","/ByteDanceVerify.html","200","200","https://huixiangqimao.cn/ByteDanceVerify.html","","text/html","20","29","20","20","8ceae5490037d9a9f7396303a4acedc932e4ce645975588fa29b5751608a8d03","false","false","false","","","nginx/1.26.3","",""
"baiduspider-render","GET","/ByteDanceVerify.html","200","200","https://huixiangqimao.cn/ByteDanceVerify.html","","text/html","20","19","20","20","8ceae5490037d9a9f7396303a4acedc932e4ce645975588fa29b5751608a8d03","false","false","false","","","nginx/1.26.3","",""
"bingbot","GET","/ByteDanceVerify.html","200","200","https://huixiangqimao.cn/ByteDanceVerify.html","","text/html","20","18","20","20","8ceae5490037d9a9f7396303a4acedc932e4ce645975588fa29b5751608a8d03","false","false","false","","","nginx/1.26.3","",""
"browser","GET","/ByteDanceVerify.html","200","200","https://huixiangqimao.cn/ByteDanceVerify.html","","text/html","20","19","20","20","8ceae5490037d9a9f7396303a4acedc932e4ce645975588fa29b5751608a8d03","false","false","false","","","nginx/1.26.3","",""
"bytespider","GET","/ByteDanceVerify.html","200","200","https://huixiangqimao.cn/ByteDanceVerify.html","","text/html","20","16","20","20","8ceae5490037d9a9f7396303a4acedc932e4ce645975588fa29b5751608a8d03","false","false","false","","","nginx/1.26.3","",""
"curl","GET","/ByteDanceVerify.html","200","200","https://huixiangqimao.cn/ByteDanceVerify.html","","text/html","20","22","20","20","8ceae5490037d9a9f7396303a4acedc932e4ce645975588fa29b5751608a8d03","false","false","false","","","nginx/1.26.3","",""
"googlebot","GET","/ByteDanceVerify.html","200","200","https://huixiangqimao.cn/ByteDanceVerify.html","","text/html","20","26","20","20","8ceae5490037d9a9f7396303a4acedc932e4ce645975588fa29b5751608a8d03","false","false","false","","","nginx/1.26.3","",""
"oai-searchbot","GET","/ByteDanceVerify.html","200","200","https://huixiangqimao.cn/ByteDanceVerify.html","","text/html","20","25","20","20","8ceae5490037d9a9f7396303a4acedc932e4ce645975588fa29b5751608a8d03","false","false","false","","","nginx/1.26.3","",""
"toutiaospider","GET","/ByteDanceVerify.html","200","200","https://huixiangqimao.cn/ByteDanceVerify.html","","text/html","20","19","20","20","8ceae5490037d9a9f7396303a4acedc932e4ce645975588fa29b5751608a8d03","false","false","false","","","nginx/1.26.3","",""
"baidu-mobile","GET","/contact/","200","200","https://huixiangqimao.cn/contact/","","text/html","22743","217","22743","1929","defd29f49a746e755396f2104a6a8622ccb03eed4c6be121b05d31f1ca644740","true","true","false","https://huixiangqimao.cn/contact/","","nginx/1.26.3","",""
"baiduspider","GET","/contact/","200","200","https://huixiangqimao.cn/contact/","","text/html","22743","313","22743","1929","defd29f49a746e755396f2104a6a8622ccb03eed4c6be121b05d31f1ca644740","true","true","false","https://huixiangqimao.cn/contact/","","nginx/1.26.3","",""
"baiduspider-render","GET","/contact/","200","200","https://huixiangqimao.cn/contact/","","text/html","22743","87","22743","1929","defd29f49a746e755396f2104a6a8622ccb03eed4c6be121b05d31f1ca644740","true","true","false","https://huixiangqimao.cn/contact/","","nginx/1.26.3","",""
"bingbot","GET","/contact/","200","200","https://huixiangqimao.cn/contact/","","text/html","22743","77","22743","1929","defd29f49a746e755396f2104a6a8622ccb03eed4c6be121b05d31f1ca644740","true","true","false","https://huixiangqimao.cn/contact/","","nginx/1.26.3","",""
"browser","GET","/contact/","200","200","https://huixiangqimao.cn/contact/","","text/html","22743","574","22743","1929","defd29f49a746e755396f2104a6a8622ccb03eed4c6be121b05d31f1ca644740","true","true","false","https://huixiangqimao.cn/contact/","","nginx/1.26.3","",""
"bytespider","GET","/contact/","200","200","https://huixiangqimao.cn/contact/","","text/html","22743","84","22743","1929","defd29f49a746e755396f2104a6a8622ccb03eed4c6be121b05d31f1ca644740","true","true","false","https://huixiangqimao.cn/contact/","","nginx/1.26.3","",""
"curl","GET","/contact/","200","200","https://huixiangqimao.cn/contact/","","text/html","22743","188","22743","1929","defd29f49a746e755396f2104a6a8622ccb03eed4c6be121b05d31f1ca644740","true","true","false","https://huixiangqimao.cn/contact/","","nginx/1.26.3","",""
"googlebot","GET","/contact/","200","200","https://huixiangqimao.cn/contact/","","text/html","22743","116","22743","1929","defd29f49a746e755396f2104a6a8622ccb03eed4c6be121b05d31f1ca644740","true","true","false","https://huixiangqimao.cn/contact/","","nginx/1.26.3","",""
"oai-searchbot","GET","/contact/","200","200","https://huixiangqimao.cn/contact/","","text/html","22743","409","22743","1929","defd29f49a746e755396f2104a6a8622ccb03eed4c6be121b05d31f1ca644740","true","true","false","https://huixiangqimao.cn/contact/","","nginx/1.26.3","",""
"toutiaospider","GET","/contact/","200","200","https://huixiangqimao.cn/contact/","","text/html","22743","84","22743","1929","defd29f49a746e755396f2104a6a8622ccb03eed4c6be121b05d31f1ca644740","true","true","false","https://huixiangqimao.cn/contact/","","nginx/1.26.3","",""
"baidu-mobile","GET","/news/","200","200","https://huixiangqimao.cn/news/","","text/html","31277","125","31277","2447","b79efa3821c5d4a555986fc3dbac169504433c9120de2dccb39addfb4ac6f101","true","true","false","https://huixiangqimao.cn/news/","","nginx/1.26.3","",""
"baiduspider","GET","/news/","200","200","https://huixiangqimao.cn/news/","","text/html","31277","720","31277","2447","b79efa3821c5d4a555986fc3dbac169504433c9120de2dccb39addfb4ac6f101","true","true","false","https://huixiangqimao.cn/news/","","nginx/1.26.3","",""
"baiduspider-render","GET","/news/","200","200","https://huixiangqimao.cn/news/","","text/html","31277","433","31277","2447","b79efa3821c5d4a555986fc3dbac169504433c9120de2dccb39addfb4ac6f101","true","true","false","https://huixiangqimao.cn/news/","","nginx/1.26.3","",""
"bingbot","GET","/news/","200","200","https://huixiangqimao.cn/news/","","text/html","31277","83","31277","2447","b79efa3821c5d4a555986fc3dbac169504433c9120de2dccb39addfb4ac6f101","true","true","false","https://huixiangqimao.cn/news/","","nginx/1.26.3","",""
"browser","GET","/news/","200","200","https://huixiangqimao.cn/news/","","text/html","31277","572","31277","2447","b79efa3821c5d4a555986fc3dbac169504433c9120de2dccb39addfb4ac6f101","true","true","false","https://huixiangqimao.cn/news/","","nginx/1.26.3","",""
"bytespider","GET","/news/","200","200","https://huixiangqimao.cn/news/","","text/html","31277","231","31277","2447","b79efa3821c5d4a555986fc3dbac169504433c9120de2dccb39addfb4ac6f101","true","true","false","https://huixiangqimao.cn/news/","","nginx/1.26.3","",""
"curl","GET","/news/","200","200","https://huixiangqimao.cn/news/","","text/html","31277","693","31277","2447","b79efa3821c5d4a555986fc3dbac169504433c9120de2dccb39addfb4ac6f101","true","true","false","https://huixiangqimao.cn/news/","","nginx/1.26.3","",""
"googlebot","GET","/news/","200","200","https://huixiangqimao.cn/news/","","text/html","31277","442","31277","2447","b79efa3821c5d4a555986fc3dbac169504433c9120de2dccb39addfb4ac6f101","true","true","false","https://huixiangqimao.cn/news/","","nginx/1.26.3","",""
"oai-searchbot","GET","/news/","200","200","https://huixiangqimao.cn/news/","","text/html","31277","129","31277","2447","b79efa3821c5d4a555986fc3dbac169504433c9120de2dccb39addfb4ac6f101","true","true","false","https://huixiangqimao.cn/news/","","nginx/1.26.3","",""
"toutiaospider","GET","/news/","200","200","https://huixiangqimao.cn/news/","","text/html","31277","220","31277","2447","b79efa3821c5d4a555986fc3dbac169504433c9120de2dccb39addfb4ac6f101","true","true","false","https://huixiangqimao.cn/news/","","nginx/1.26.3","",""
"baidu-mobile","GET","/news/baidu-crawl-audit-missing-20260722/","200","200","https://huixiangqimao.cn/news/baidu-crawl-audit-missing-20260722/","","text/html","39608","229","39608","3489","950cbc74a8cbd88af97428270171a164101ab1cccd7192de4138bda15b241bcc","true","true","false","https://huixiangqimao.cn/","","nginx/1.26.3","",""
"baiduspider","GET","/news/baidu-crawl-audit-missing-20260722/","200","200","https://huixiangqimao.cn/news/baidu-crawl-audit-missing-20260722/","","text/html","39608","48","39608","3489","950cbc74a8cbd88af97428270171a164101ab1cccd7192de4138bda15b241bcc","true","true","false","https://huixiangqimao.cn/","","nginx/1.26.3","",""
"baiduspider-render","GET","/news/baidu-crawl-audit-missing-20260722/","200","200","https://huixiangqimao.cn/news/baidu-crawl-audit-missing-20260722/","","text/html","39608","258","39608","3489","950cbc74a8cbd88af97428270171a164101ab1cccd7192de4138bda15b241bcc","true","true","false","https://huixiangqimao.cn/","","nginx/1.26.3","",""
"bingbot","GET","/news/baidu-crawl-audit-missing-20260722/","200","200","https://huixiangqimao.cn/news/baidu-crawl-audit-missing-20260722/","","text/html","39608","205","39608","3489","950cbc74a8cbd88af97428270171a164101ab1cccd7192de4138bda15b241bcc","true","true","false","https://huixiangqimao.cn/","","nginx/1.26.3","",""
"browser","GET","/news/baidu-crawl-audit-missing-20260722/","200","200","https://huixiangqimao.cn/news/baidu-crawl-audit-missing-20260722/","","text/html","39608","1126","39608","3489","950cbc74a8cbd88af97428270171a164101ab1cccd7192de4138bda15b241bcc","true","true","false","https://huixiangqimao.cn/","","nginx/1.26.3","",""
"bytespider","GET","/news/baidu-crawl-audit-missing-20260722/","200","200","https://huixiangqimao.cn/news/baidu-crawl-audit-missing-20260722/","","text/html","39608","203","39608","3489","950cbc74a8cbd88af97428270171a164101ab1cccd7192de4138bda15b241bcc","true","true","false","https://huixiangqimao.cn/","","nginx/1.26.3","",""
"curl","GET","/news/baidu-crawl-audit-missing-20260722/","200","200","https://huixiangqimao.cn/news/baidu-crawl-audit-missing-20260722/","","text/html","39608","765","39608","3489","950cbc74a8cbd88af97428270171a164101ab1cccd7192de4138bda15b241bcc","true","true","false","https://huixiangqimao.cn/","","nginx/1.26.3","",""
"googlebot","GET","/news/baidu-crawl-audit-missing-20260722/","200","200","https://huixiangqimao.cn/news/baidu-crawl-audit-missing-20260722/","","text/html","39608","291","39608","3489","950cbc74a8cbd88af97428270171a164101ab1cccd7192de4138bda15b241bcc","true","true","false","https://huixiangqimao.cn/","","nginx/1.26.3","",""
"oai-searchbot","GET","/news/baidu-crawl-audit-missing-20260722/","200","200","https://huixiangqimao.cn/news/baidu-crawl-audit-missing-20260722/","","text/html","39608","549","39608","3489","950cbc74a8cbd88af97428270171a164101ab1cccd7192de4138bda15b241bcc","true","true","false","https://huixiangqimao.cn/","","nginx/1.26.3","",""
"toutiaospider","GET","/news/baidu-crawl-audit-missing-20260722/","200","200","https://huixiangqimao.cn/news/baidu-crawl-audit-missing-20260722/","","text/html","39608","291","39608","3489","950cbc74a8cbd88af97428270171a164101ab1cccd7192de4138bda15b241bcc","true","true","false","https://huixiangqimao.cn/","","nginx/1.26.3","",""
"baidu-mobile","GET","/news/huzhou-truck-after-sales-service/","200","200","https://huixiangqimao.cn/news/huzhou-truck-after-sales-service/","","text/html","37345","496","37345","4849","32a5fb77ea480404d91f412dbbf46fc4a88d8fb5355284d25a7fd93c8ac99100","true","true","false","https://huixiangqimao.cn/news/huzhou-truck-after-sales-service/","","nginx/1.26.3","",""
"baiduspider","GET","/news/huzhou-truck-after-sales-service/","200","200","https://huixiangqimao.cn/news/huzhou-truck-after-sales-service/","","text/html","37345","33","37345","4849","32a5fb77ea480404d91f412dbbf46fc4a88d8fb5355284d25a7fd93c8ac99100","true","true","false","https://huixiangqimao.cn/news/huzhou-truck-after-sales-service/","","nginx/1.26.3","",""
"baiduspider-render","GET","/news/huzhou-truck-after-sales-service/","200","200","https://huixiangqimao.cn/news/huzhou-truck-after-sales-service/","","text/html","37345","720","37345","4849","32a5fb77ea480404d91f412dbbf46fc4a88d8fb5355284d25a7fd93c8ac99100","true","true","false","https://huixiangqimao.cn/news/huzhou-truck-after-sales-service/","","nginx/1.26.3","",""
"bingbot","GET","/news/huzhou-truck-after-sales-service/","200","200","https://huixiangqimao.cn/news/huzhou-truck-after-sales-service/","","text/html","37345","136","37345","4849","32a5fb77ea480404d91f412dbbf46fc4a88d8fb5355284d25a7fd93c8ac99100","true","true","false","https://huixiangqimao.cn/news/huzhou-truck-after-sales-service/","","nginx/1.26.3","",""
"browser","GET","/news/huzhou-truck-after-sales-service/","200","200","https://huixiangqimao.cn/news/huzhou-truck-after-sales-service/","","text/html","37345","588","37345","4849","32a5fb77ea480404d91f412dbbf46fc4a88d8fb5355284d25a7fd93c8ac99100","true","true","false","https://huixiangqimao.cn/news/huzhou-truck-after-sales-service/","","nginx/1.26.3","",""
"bytespider","GET","/news/huzhou-truck-after-sales-service/","200","200","https://huixiangqimao.cn/news/huzhou-truck-after-sales-service/","","text/html","37345","224","37345","4849","32a5fb77ea480404d91f412dbbf46fc4a88d8fb5355284d25a7fd93c8ac99100","true","true","false","https://huixiangqimao.cn/news/huzhou-truck-after-sales-service/","","nginx/1.26.3","",""
"curl","GET","/news/huzhou-truck-after-sales-service/","200","200","https://huixiangqimao.cn/news/huzhou-truck-after-sales-service/","","text/html","37345","236","37345","4849","32a5fb77ea480404d91f412dbbf46fc4a88d8fb5355284d25a7fd93c8ac99100","true","true","false","https://huixiangqimao.cn/news/huzhou-truck-after-sales-service/","","nginx/1.26.3","",""
"googlebot","GET","/news/huzhou-truck-after-sales-service/","200","200","https://huixiangqimao.cn/news/huzhou-truck-after-sales-service/","","text/html","37345","264","37345","4849","32a5fb77ea480404d91f412dbbf46fc4a88d8fb5355284d25a7fd93c8ac99100","true","true","false","https://huixiangqimao.cn/news/huzhou-truck-after-sales-service/","","nginx/1.26.3","",""
"oai-searchbot","GET","/news/huzhou-truck-after-sales-service/","200","200","https://huixiangqimao.cn/news/huzhou-truck-after-sales-service/","","text/html","37345","791","37345","4849","32a5fb77ea480404d91f412dbbf46fc4a88d8fb5355284d25a7fd93c8ac99100","true","true","false","https://huixiangqimao.cn/news/huzhou-truck-after-sales-service/","","nginx/1.26.3","",""
"toutiaospider","GET","/news/huzhou-truck-after-sales-service/","200","200","https://huixiangqimao.cn/news/huzhou-truck-after-sales-service/","","text/html","37345","390","37345","4849","32a5fb77ea480404d91f412dbbf46fc4a88d8fb5355284d25a7fd93c8ac99100","true","true","false","https://huixiangqimao.cn/news/huzhou-truck-after-sales-service/","","nginx/1.26.3","",""
"baidu-mobile","GET","/robots.txt","200","200","https://huixiangqimao.cn/robots.txt","","text/plain","175","22","175","174","928d5eed5a784b792f1ee20b025eae35c1a24fb91a26bfa35e4a7e19ad592f5f","false","false","false","","","nginx/1.26.3","",""
"baiduspider","GET","/robots.txt","200","200","https://huixiangqimao.cn/robots.txt","","text/plain","175","24","175","174","928d5eed5a784b792f1ee20b025eae35c1a24fb91a26bfa35e4a7e19ad592f5f","false","false","false","","","nginx/1.26.3","",""
"baiduspider-render","GET","/robots.txt","200","200","https://huixiangqimao.cn/robots.txt","","text/plain","175","20","175","174","928d5eed5a784b792f1ee20b025eae35c1a24fb91a26bfa35e4a7e19ad592f5f","false","false","false","","","nginx/1.26.3","",""
"bingbot","GET","/robots.txt","200","200","https://huixiangqimao.cn/robots.txt","","text/plain","175","21","175","174","928d5eed5a784b792f1ee20b025eae35c1a24fb91a26bfa35e4a7e19ad592f5f","false","false","false","","","nginx/1.26.3","",""
"browser","GET","/robots.txt","200","200","https://huixiangqimao.cn/robots.txt","","text/plain","175","59","175","174","928d5eed5a784b792f1ee20b025eae35c1a24fb91a26bfa35e4a7e19ad592f5f","false","false","false","","","nginx/1.26.3","",""
"bytespider","GET","/robots.txt","200","200","https://huixiangqimao.cn/robots.txt","","text/plain","175","22","175","174","928d5eed5a784b792f1ee20b025eae35c1a24fb91a26bfa35e4a7e19ad592f5f","false","false","false","","","nginx/1.26.3","",""
"curl","GET","/robots.txt","200","200","https://huixiangqimao.cn/robots.txt","","text/plain","175","50","175","174","928d5eed5a784b792f1ee20b025eae35c1a24fb91a26bfa35e4a7e19ad592f5f","false","false","false","","","nginx/1.26.3","",""
"googlebot","GET","/robots.txt","200","200","https://huixiangqimao.cn/robots.txt","","text/plain","175","21","175","174","928d5eed5a784b792f1ee20b025eae35c1a24fb91a26bfa35e4a7e19ad592f5f","false","false","false","","","nginx/1.26.3","",""
"oai-searchbot","GET","/robots.txt","200","200","https://huixiangqimao.cn/robots.txt","","text/plain","175","20","175","174","928d5eed5a784b792f1ee20b025eae35c1a24fb91a26bfa35e4a7e19ad592f5f","false","false","false","","","nginx/1.26.3","",""
"toutiaospider","GET","/robots.txt","200","200","https://huixiangqimao.cn/robots.txt","","text/plain","175","15","175","174","928d5eed5a784b792f1ee20b025eae35c1a24fb91a26bfa35e4a7e19ad592f5f","false","false","false","","","nginx/1.26.3","",""
"baidu-mobile","GET","/services/","200","200","https://huixiangqimao.cn/services/","","text/html","31875","813","31875","2753","1b1076e5e1aeef79a80b56cfc4ae65b949344b1d25a9fbbce04892b33d6b9c55","true","true","false","https://huixiangqimao.cn/services/","","nginx/1.26.3","",""
"baiduspider","GET","/services/","200","200","https://huixiangqimao.cn/services/","","text/html","31875","39","31875","2753","1b1076e5e1aeef79a80b56cfc4ae65b949344b1d25a9fbbce04892b33d6b9c55","true","true","false","https://huixiangqimao.cn/services/","","nginx/1.26.3","",""
"baiduspider-render","GET","/services/","200","200","https://huixiangqimao.cn/services/","","text/html","31875","189","31875","2753","1b1076e5e1aeef79a80b56cfc4ae65b949344b1d25a9fbbce04892b33d6b9c55","true","true","false","https://huixiangqimao.cn/services/","","nginx/1.26.3","",""
"bingbot","GET","/services/","200","200","https://huixiangqimao.cn/services/","","text/html","31875","78","31875","2753","1b1076e5e1aeef79a80b56cfc4ae65b949344b1d25a9fbbce04892b33d6b9c55","true","true","false","https://huixiangqimao.cn/services/","","nginx/1.26.3","",""
"browser","GET","/services/","200","200","https://huixiangqimao.cn/services/","","text/html","31875","586","31875","2753","1b1076e5e1aeef79a80b56cfc4ae65b949344b1d25a9fbbce04892b33d6b9c55","true","true","false","https://huixiangqimao.cn/services/","","nginx/1.26.3","",""
"bytespider","GET","/services/","200","200","https://huixiangqimao.cn/services/","","text/html","31875","1411","31875","2753","1b1076e5e1aeef79a80b56cfc4ae65b949344b1d25a9fbbce04892b33d6b9c55","true","true","false","https://huixiangqimao.cn/services/","","nginx/1.26.3","",""
"curl","GET","/services/","200","200","https://huixiangqimao.cn/services/","","text/html","31875","300","31875","2753","1b1076e5e1aeef79a80b56cfc4ae65b949344b1d25a9fbbce04892b33d6b9c55","true","true","false","https://huixiangqimao.cn/services/","","nginx/1.26.3","",""
"googlebot","GET","/services/","200","200","https://huixiangqimao.cn/services/","","text/html","31875","298","31875","2753","1b1076e5e1aeef79a80b56cfc4ae65b949344b1d25a9fbbce04892b33d6b9c55","true","true","false","https://huixiangqimao.cn/services/","","nginx/1.26.3","",""
"oai-searchbot","GET","/services/","200","200","https://huixiangqimao.cn/services/","","text/html","31875","701","31875","2753","1b1076e5e1aeef79a80b56cfc4ae65b949344b1d25a9fbbce04892b33d6b9c55","true","true","false","https://huixiangqimao.cn/services/","","nginx/1.26.3","",""
"toutiaospider","GET","/services/","200","200","https://huixiangqimao.cn/services/","","text/html","31875","212","31875","2753","1b1076e5e1aeef79a80b56cfc4ae65b949344b1d25a9fbbce04892b33d6b9c55","true","true","false","https://huixiangqimao.cn/services/","","nginx/1.26.3","",""
"baidu-mobile","GET","/sitemap.xml","200","200","https://huixiangqimao.cn/sitemap.xml","","text/xml","3551","19","3551","3551","c614556b18340a1782efe88a16d6437940b5ce62378cfc68f07625d4cec4acf8","false","false","false","","","nginx/1.26.3","",""
"baiduspider","GET","/sitemap.xml","200","200","https://huixiangqimao.cn/sitemap.xml","","text/xml","3551","21","3551","3551","c614556b18340a1782efe88a16d6437940b5ce62378cfc68f07625d4cec4acf8","false","false","false","","","nginx/1.26.3","",""
"baiduspider-render","GET","/sitemap.xml","200","200","https://huixiangqimao.cn/sitemap.xml","","text/xml","3551","16","3551","3551","c614556b18340a1782efe88a16d6437940b5ce62378cfc68f07625d4cec4acf8","false","false","false","","","nginx/1.26.3","",""
"bingbot","GET","/sitemap.xml","200","200","https://huixiangqimao.cn/sitemap.xml","","text/xml","3551","23","3551","3551","c614556b18340a1782efe88a16d6437940b5ce62378cfc68f07625d4cec4acf8","false","false","false","","","nginx/1.26.3","",""
"browser","GET","/sitemap.xml","200","200","https://huixiangqimao.cn/sitemap.xml","","text/xml","3551","285","3551","3551","c614556b18340a1782efe88a16d6437940b5ce62378cfc68f07625d4cec4acf8","false","false","false","","","nginx/1.26.3","",""
"bytespider","GET","/sitemap.xml","200","200","https://huixiangqimao.cn/sitemap.xml","","text/xml","3551","22","3551","3551","c614556b18340a1782efe88a16d6437940b5ce62378cfc68f07625d4cec4acf8","false","false","false","","","nginx/1.26.3","",""
"curl","GET","/sitemap.xml","200","200","https://huixiangqimao.cn/sitemap.xml","","text/xml","3551","51","3551","3551","c614556b18340a1782efe88a16d6437940b5ce62378cfc68f07625d4cec4acf8","false","false","false","","","nginx/1.26.3","",""
"googlebot","GET","/sitemap.xml","200","200","https://huixiangqimao.cn/sitemap.xml","","text/xml","3551","29","3551","3551","c614556b18340a1782efe88a16d6437940b5ce62378cfc68f07625d4cec4acf8","false","false","false","","","nginx/1.26.3","",""
"oai-searchbot","GET","/sitemap.xml","200","200","https://huixiangqimao.cn/sitemap.xml","","text/xml","3551","26","3551","3551","c614556b18340a1782efe88a16d6437940b5ce62378cfc68f07625d4cec4acf8","false","false","false","","","nginx/1.26.3","",""
"toutiaospider","GET","/sitemap.xml","200","200","https://huixiangqimao.cn/sitemap.xml","","text/xml","3551","21","3551","3551","c614556b18340a1782efe88a16d6437940b5ce62378cfc68f07625d4cec4acf8","false","false","false","","","nginx/1.26.3","",""
"baidu-mobile","GET","/trucks/","200","200","https://huixiangqimao.cn/trucks/","","text/html","70349","528","70349","7414","53d0d3251f8a7a0b848bb424643fa8bde8185bc00b81955feece1b687dc98d95","true","true","false","https://huixiangqimao.cn/trucks/","","nginx/1.26.3","",""
"baiduspider","GET","/trucks/","200","200","https://huixiangqimao.cn/trucks/","","text/html","70349","2952","70349","7414","53d0d3251f8a7a0b848bb424643fa8bde8185bc00b81955feece1b687dc98d95","true","true","false","https://huixiangqimao.cn/trucks/","","nginx/1.26.3","",""
"baiduspider-render","GET","/trucks/","200","200","https://huixiangqimao.cn/trucks/","","text/html","70349","440","70349","7414","53d0d3251f8a7a0b848bb424643fa8bde8185bc00b81955feece1b687dc98d95","true","true","false","https://huixiangqimao.cn/trucks/","","nginx/1.26.3","",""
"bingbot","GET","/trucks/","200","200","https://huixiangqimao.cn/trucks/","","text/html","70349","3478","70349","7414","53d0d3251f8a7a0b848bb424643fa8bde8185bc00b81955feece1b687dc98d95","true","true","false","https://huixiangqimao.cn/trucks/","","nginx/1.26.3","",""
"browser","GET","/trucks/","200","200","https://huixiangqimao.cn/trucks/","","text/html","70349","47","70349","7414","53d0d3251f8a7a0b848bb424643fa8bde8185bc00b81955feece1b687dc98d95","true","true","false","https://huixiangqimao.cn/trucks/","","nginx/1.26.3","",""
"bytespider","GET","/trucks/","200","200","https://huixiangqimao.cn/trucks/","","text/html","70349","655","70349","7414","53d0d3251f8a7a0b848bb424643fa8bde8185bc00b81955feece1b687dc98d95","true","true","false","https://huixiangqimao.cn/trucks/","","nginx/1.26.3","",""
"curl","GET","/trucks/","200","200","https://huixiangqimao.cn/trucks/","","text/html","70349","241","70349","7414","53d0d3251f8a7a0b848bb424643fa8bde8185bc00b81955feece1b687dc98d95","true","true","false","https://huixiangqimao.cn/trucks/","","nginx/1.26.3","",""
"googlebot","GET","/trucks/","200","200","https://huixiangqimao.cn/trucks/","","text/html","70349","476","70349","7414","53d0d3251f8a7a0b848bb424643fa8bde8185bc00b81955feece1b687dc98d95","true","true","false","https://huixiangqimao.cn/trucks/","","nginx/1.26.3","",""
"oai-searchbot","GET","/trucks/","200","200","https://huixiangqimao.cn/trucks/","","text/html","70349","255","70349","7414","53d0d3251f8a7a0b848bb424643fa8bde8185bc00b81955feece1b687dc98d95","true","true","false","https://huixiangqimao.cn/trucks/","","nginx/1.26.3","",""
"toutiaospider","GET","/trucks/","200","200","https://huixiangqimao.cn/trucks/","","text/html","70349","372","70349","7414","53d0d3251f8a7a0b848bb424643fa8bde8185bc00b81955feece1b687dc98d95","true","true","false","https://huixiangqimao.cn/trucks/","","nginx/1.26.3","",""
"baidu-mobile","GET","/vehicles/","200","200","https://huixiangqimao.cn/vehicles/","","text/html","39608","215","39608","3489","950cbc74a8cbd88af97428270171a164101ab1cccd7192de4138bda15b241bcc","true","true","false","https://huixiangqimao.cn/","","nginx/1.26.3","",""
"baiduspider","GET","/vehicles/","200","200","https://huixiangqimao.cn/vehicles/","","text/html","39608","27","39608","3489","950cbc74a8cbd88af97428270171a164101ab1cccd7192de4138bda15b241bcc","true","true","false","https://huixiangqimao.cn/","","nginx/1.26.3","",""
"baiduspider-render","GET","/vehicles/","200","200","https://huixiangqimao.cn/vehicles/","","text/html","39608","593","39608","3489","950cbc74a8cbd88af97428270171a164101ab1cccd7192de4138bda15b241bcc","true","true","false","https://huixiangqimao.cn/","","nginx/1.26.3","",""
"bingbot","GET","/vehicles/","200","200","https://huixiangqimao.cn/vehicles/","","text/html","39608","809","39608","3489","950cbc74a8cbd88af97428270171a164101ab1cccd7192de4138bda15b241bcc","true","true","false","https://huixiangqimao.cn/","","nginx/1.26.3","",""
"browser","GET","/vehicles/","200","200","https://huixiangqimao.cn/vehicles/","","text/html","39608","33","39608","3489","950cbc74a8cbd88af97428270171a164101ab1cccd7192de4138bda15b241bcc","true","true","false","https://huixiangqimao.cn/","","nginx/1.26.3","",""
"bytespider","GET","/vehicles/","200","200","https://huixiangqimao.cn/vehicles/","","text/html","39608","214","39608","3489","950cbc74a8cbd88af97428270171a164101ab1cccd7192de4138bda15b241bcc","true","true","false","https://huixiangqimao.cn/","","nginx/1.26.3","",""
"curl","GET","/vehicles/","200","200","https://huixiangqimao.cn/vehicles/","","text/html","39608","843","39608","3489","950cbc74a8cbd88af97428270171a164101ab1cccd7192de4138bda15b241bcc","true","true","false","https://huixiangqimao.cn/","","nginx/1.26.3","",""
"googlebot","GET","/vehicles/","200","200","https://huixiangqimao.cn/vehicles/","","text/html","39608","243","39608","3489","950cbc74a8cbd88af97428270171a164101ab1cccd7192de4138bda15b241bcc","true","true","false","https://huixiangqimao.cn/","","nginx/1.26.3","",""
"oai-searchbot","GET","/vehicles/","200","200","https://huixiangqimao.cn/vehicles/","","text/html","39608","631","39608","3489","950cbc74a8cbd88af97428270171a164101ab1cccd7192de4138bda15b241bcc","true","true","false","https://huixiangqimao.cn/","","nginx/1.26.3","",""
"toutiaospider","GET","/vehicles/","200","200","https://huixiangqimao.cn/vehicles/","","text/html","39608","428","39608","3489","950cbc74a8cbd88af97428270171a164101ab1cccd7192de4138bda15b241bcc","true","true","false","https://huixiangqimao.cn/","","nginx/1.26.3","",""
